I8-B Wireless Backlit Mini Keyboard-Black with Touch-Pad RGB Keyboard	450
i8-B Wireless Backlit Mini Keyboard With Touch-pad RGB Keyboard- Black	450
Walton Multi-Color RGB Standard Keyboard WKS007WB	845
RGB GAMING LIGHTING KEYBOARD WITH BANGLA KEYPADS You Can Change Colour Effect	850
Gaming Keyboard RGB Lighting T-Wolf T20 Gaming Keyboard Price In Bangladesh BD	1,100
Gaming keyboard RGB Lighting G21 RGB Backlit Keyboard for Gaming PC Laptop Computer	850
Techdeal RGB Lighting PRO GAMING KEYBOARD with Bangla key	750
AULA F2028 Membrane Gaming Keyboard Metal Panel USB Wired RGB Backlight Professional Gaming Office Keyboard for Computer Game Laptop PC Office E-sports	1,399
Gaming Keyboard White Color G21 RGB Lighting Keyboard RGB Keyboard For White Gaming PC	955
One Handed Gaming Keyboard RGB Backlit, 35 Keys Portable Mini Gaming Keypad Ergonomic Professional Keyboard, Single Hand Mechanical Gaming Keyboard with Wrist Rest Support for LOL/PUBG/MOBA/MMO/FPS	850
RGB Keyboard Backlit Gaming Keyboard TWolf T20 RGB Lighting	970
AULA F2058 RGB BACKLIGHT MECHANICAL GAMING KEYBOARD MULTIMEDIA KNOW SOFTWARE CONTROL WRIST REST ANTI GHOSTING	2,699
PUBG /FREEFIRE RGB Gaming Keyboard	950
One-Handed Mechanical Gaming Keyboard RGB Backlit Portable Mini Gaming Keypad	1,220
Wireless Rechargeable Backlit Mini Keyboard With Touchpad Mouse Rgb Keyboard - Keyboard - Keyboard - Wireless Keyboard	480
Mini Keyboard With Touchpad Mouse - A Backlit Keyboard - 3 Colour Switchable RGB Keyboard Handheld Portable Wireless Keyboard 2.4 GHz	470
Mini Keyboard With Touchpad Mouse - A Backlit Keyboard - 3 Colour Switchable RGB Keyboard Handheld Portable Wireless Keyboard 2.4 GHz - Keyboard - Keyboard	490
One-Handed Keyboard RGB Gaming Mouse + Gaming Keyboard Kit 35 Keys LED Left Hand Mini Keypad for Mobile Game	1,909
Mini Keyboard With Touchpad Mouse - A Backlit Keyboard - 3 Colour Switchable RGB Keyboard Handheld Portable Wireless Keyboard 2.4 GHz	478
Mini Keyboard With Touchpad Mouse - A Backlit Keyboard - 3 Colour Switchable RGB Keyboard Handheld Portable Wireless Keyboard 2.4 GHz	650
RGB Light Bar R32W Sound Pick Up Light Rhythm Light Music Dancing Equalizer Light Voice Activated RGB Sound Bar White Color Gaming RGB Light Bar In Bangladesh RGB Lighting Effects RGB Light For PC - dj light	440
High-Performance - Gaming keyboard cadeve vr6 rgb keyboard rgb lighting backlit gaming keyboard - Effortless Usage	950
Gaming Keyboard With RGB Backlit Cadeve VR6 Wired RGB Gaming Keyboard Suspended Keycap Ergonomic Keyboard For Gaming PC 104 keys Keyboard VR-6	950
iIMICE Ak-800 USB RGB Gaming Keyboard	1,050
One-Handed Keyboard RGB Gaming Mouse + Gaming Keyboard Kit 35 Keys LED Left Hand Mini Keypad for Mobile Game ï¼Œ Keyboard	1,999
RGb keybord, mouse & hub for pc & mobile phone	4,999
RGB Light Bar RO-9 Sound Reactive LED Spectrum Equalizer Dancing RGB Sound bar Music Light For Gaming PC or Home Decoration	650
One-Handed Mechanical Gaming Keyboard RGB Backlit Portable Mini Gaming Keypad	1,272
Mini Keyboard With Touchpad Mouse - A Backlit Keyboard - 3 Colour Switchable Rgb Keyboard Handheld Portable Wireless Keyboard 2.4 Ghz - Keyboard	480
Mini Keyboard With Touchpad Mouse - A Backlit Keyboard - 3 Colour Switchable RGB Keyboard Handheld Portable Wireless Keyboard 2.4 GHz - Keyboard	468
Hoco GM11 Glowing RGB Colorful Gaming Keyboard Set	999
i8-B Wireless Backlit Mini Keyboard With Touch-pad RGB Keyboard- Black	440
V900 Mini keyboard 61 Keys Gaming Mechanical Keyboard USB Wired RGB Backlit Gamer Mechanical Keyboard For Desktop Laptop	2,774
RGB Gaming Keyboard and Mouse-Light Up & LED Backlit Mechanical Keyboard & Mouse Combo-Rainbow Keyboard with 104 Keys- Gaming Mouse	789
V800 Wired Mechanical Keyboard 68 Keys RGB Gaming Keyboard with Detachable Type-C Blue Switch/Red Switch Keyboards for PC	3,299
i8-B Wireless Backlit Mini Keyboard With Touch-pad RGB Keyboard- Black	430
Wireless Rechargeable Backlit Mini Keyboard With Touchpad Mouse Rgb Keyboard - Keyboard	480
I8-B Wireless Backlit Mini Keyboard With Touch-Pad Rgb Keyboard- Black - Keyboard	421
Rechargeable Wireless Backlit Mini Keyboard With Touchpad Mouse RGB Keyboard- - Keyboard - Keyboard	490
I8-B Rechargeable Wireless Backlit Mini Keyboard With Touchpad Mouse Rgb Keyboard-  Backlit Keyboard Gaming Keyboard Pc Laptop Mobile Smart Tv Android Tv Box Portable Wireless Mouse Keyboard Combo - Keyboard	753
I8-B Rechargeable Wireless Backlit Mini Keyboard With Touchpad Mouse Rgb Keyboard-  Backlit Keyboard Gaming Keyboard Pc Laptop Mobile Smart Tv Android Tv Box Portable Wireless Mouse Keyboard Combo - Keyboard	753
I8-B Rechargeable Wireless Backlit Mini Keyboard With Touchpad Mouse Rgb Keyboard-  Backlit Keyboard Gaming Keyboard Pc Laptop Mobile Smart Tv Android Tv Box Portable Wireless Mouse Keyboard Combo - Keyboard	753
I8-B Rechargeable Wireless Backlit Mini Keyboard With Touchpad Mouse Rgb Keyboard-  Backlit Keyboard Gaming Keyboard Pc Laptop Mobile Smart Tv Android Tv Box Portable Wireless Mouse Keyboard Combo - Keyboard	753
I8-B Rechargeable Wireless Backlit Mini Keyboard With Touchpad Mouse Rgb Keyboard-  Backlit Keyboard Gaming Keyboard Pc Laptop Mobile Smart Tv Android Tv Box Portable Wireless Mouse Keyboard Combo - Keyboard	753
I8-B Rechargeable Wireless Backlit Mini Keyboard With Touchpad Mouse Rgb Keyboard-  Backlit Keyboard Gaming Keyboard Pc Laptop Mobile Smart Tv Android Tv Box Portable Wireless Mouse Keyboard Combo - Keyboard	753
I8-B Rechargeable Wireless Backlit Mini Keyboard With Touchpad Mouse Rgb Keyboard-  Backlit Keyboard Gaming Keyboard Pc Laptop Mobile Smart Tv Android Tv Box Portable Wireless Mouse Keyboard Combo - Keyboard	753
I8-B Rechargeable Wireless Backlit Mini Keyboard With Touchpad Mouse Rgb Keyboard-  Backlit Keyboard Gaming Keyboard Pc Laptop Mobile Smart Tv Android Tv Box Portable Wireless Mouse Keyboard Combo - Keyboard	753
I8-B Rechargeable Wireless Backlit Mini Keyboard With Touchpad Mouse Rgb Keyboard-  Backlit Keyboard Gaming Keyboard Pc Laptop Mobile Smart Tv Android Tv Box Portable Wireless Mouse Keyboard Combo - Keyboard	753
I8-B Rechargeable Wireless Backlit Mini Keyboard With Touchpad Mouse Rgb Keyboard-  Backlit Keyboard Gaming Keyboard Pc Laptop Mobile Smart Tv Android Tv Box Portable Wireless Mouse Keyboard Combo - Keyboard	753
I8-B Rechargeable Wireless Backlit Mini Keyboard With Touchpad Mouse Rgb Keyboard-  Backlit Keyboard Gaming Keyboard Pc Laptop Mobile Smart Tv Android Tv Box Portable Wireless Mouse Keyboard Combo - Keyboard	753
I8-B Rechargeable Wireless Backlit Mini Keyboard With Touchpad Mouse Rgb Keyboard-  Backlit Keyboard Gaming Keyboard Pc Laptop Mobile Smart Tv Android Tv Box Portable Wireless Mouse Keyboard Combo - Keyboard	753
I8-B Rechargeable Wireless Backlit Mini Keyboard With Touchpad Mouse Rgb Keyboard-  Backlit Keyboard Gaming Keyboard Pc Laptop Mobile Smart Tv Android Tv Box Portable Wireless Mouse Keyboard Combo - Keyboard	753
I8-B Rechargeable Wireless Backlit Mini Keyboard With Touchpad Mouse Rgb Keyboard-  Backlit Keyboard Gaming Keyboard Pc Laptop Mobile Smart Tv Android Tv Box Portable Wireless Mouse Keyboard Combo - Keyboard	753
I8-B Rechargeable Wireless Backlit Mini Keyboard With Touchpad Mouse Rgb Keyboard-  Backlit Keyboard Gaming Keyboard Pc Laptop Mobile Smart Tv Android Tv Box Portable Wireless Mouse Keyboard Combo - Keyboard	753
I8-B Rechargeable Wireless Backlit Mini Keyboard With Touchpad Mouse Rgb Keyboard-  Backlit Keyboard Gaming Keyboard Pc Laptop Mobile Smart Tv Android Tv Box Portable Wireless Mouse Keyboard Combo - Keyboard	753
I8-B Rechargeable Wireless Backlit Mini Keyboard With Touchpad Mouse Rgb Keyboard-  Backlit Keyboard Gaming Keyboard Pc Laptop Mobile Smart Tv Android Tv Box Portable Wireless Mouse Keyboard Combo - Keyboard	753
I8-B Rechargeable Wireless Backlit Mini Keyboard With Touchpad Mouse Rgb Keyboard-  Backlit Keyboard Gaming Keyboard Pc Laptop Mobile Smart Tv Android Tv Box Portable Wireless Mouse Keyboard Combo - Keyboard	753
I8-B Rechargeable Wireless Backlit Mini Keyboard With Touchpad Mouse Rgb Keyboard-  Backlit Keyboard Gaming Keyboard Pc Laptop Mobile Smart Tv Android Tv Box Portable Wireless Mouse Keyboard Combo - Keyboard	753
I8-B Rechargeable Wireless Backlit Mini Keyboard With Touchpad Mouse Rgb Keyboard-  Backlit Keyboard Gaming Keyboard Pc Laptop Mobile Smart Tv Android Tv Box Portable Wireless Mouse Keyboard Combo - Keyboard	753
I8-B Rechargeable Wireless Backlit Mini Keyboard With Touchpad Mouse Rgb Keyboard-  Backlit Keyboard Gaming Keyboard Pc Laptop Mobile Smart Tv Android Tv Box Portable Wireless Mouse Keyboard Combo - Keyboard	753
I8-B Rechargeable Wireless Backlit Mini Keyboard With Touchpad Mouse Rgb Keyboard-  Backlit Keyboard Gaming Keyboard Pc Laptop Mobile Smart Tv Android Tv Box Portable Wireless Mouse Keyboard Combo - Keyboard	753
I8-B Rechargeable Wireless Backlit Mini Keyboard With Touchpad Mouse Rgb Keyboard-  Backlit Keyboard Gaming Keyboard Pc Laptop Mobile Smart Tv Android Tv Box Portable Wireless Mouse Keyboard Combo - Keyboard	753
I8-B Rechargeable Wireless Backlit Mini Keyboard With Touchpad Mouse Rgb Keyboard-  Backlit Keyboard Gaming Keyboard Pc Laptop Mobile Smart Tv Android Tv Box Portable Wireless Mouse Keyboard Combo - Keyboard	753
I8-B Rechargeable Wireless Backlit Mini Keyboard With Touchpad Mouse Rgb Keyboard-  Backlit Keyboard Gaming Keyboard Pc Laptop Mobile Smart Tv Android Tv Box Portable Wireless Mouse Keyboard Combo - Keyboard	753
I8-B Rechargeable Wireless Backlit Mini Keyboard With Touchpad Mouse Rgb Keyboard-  Backlit Keyboard Gaming Keyboard Pc Laptop Mobile Smart Tv Android Tv Box Portable Wireless Mouse Keyboard Combo - Keyboard	753
I8-B Rechargeable Wireless Backlit Mini Keyboard With Touchpad Mouse Rgb Keyboard-  Backlit Keyboard Gaming Keyboard Pc Laptop Mobile Smart Tv Android Tv Box Portable Wireless Mouse Keyboard Combo - Keyboard	753
I8-B Rechargeable Wireless Backlit Mini Keyboard With Touchpad Mouse Rgb Keyboard-  Backlit Keyboard Gaming Keyboard Pc Laptop Mobile Smart Tv Android Tv Box Portable Wireless Mouse Keyboard Combo - Keyboard	753
I8-B Rechargeable Wireless Backlit Mini Keyboard With Touchpad Mouse Rgb Keyboard-  Backlit Keyboard Gaming Keyboard Pc Laptop Mobile Smart Tv Android Tv Box Portable Wireless Mouse Keyboard Combo - Keyboard	753
I8-B Rechargeable Wireless Backlit Mini Keyboard With Touchpad Mouse Rgb Keyboard-  Backlit Keyboard Gaming Keyboard Pc Laptop Mobile Smart Tv Android Tv Box Portable Wireless Mouse Keyboard Combo - Keyboard	753
I8-B Rechargeable Wireless Backlit Mini Keyboard With Touchpad Mouse Rgb Keyboard-  Backlit Keyboard Gaming Keyboard Pc Laptop Mobile Smart Tv Android Tv Box Portable Wireless Mouse Keyboard Combo - Keyboard	753
I8-B Rechargeable Wireless Backlit Mini Keyboard With Touchpad Mouse Rgb Keyboard-  Backlit Keyboard Gaming Keyboard Pc Laptop Mobile Smart Tv Android Tv Box Portable Wireless Mouse Keyboard Combo - Keyboard	753
I8-B Rechargeable Wireless Backlit Mini Keyboard With Touchpad Mouse Rgb Keyboard-  Backlit Keyboard Gaming Keyboard Pc Laptop Mobile Smart Tv Android Tv Box Portable Wireless Mouse Keyboard Combo - Keyboard	753
I8-B Rechargeable Wireless Backlit Mini Keyboard With Touchpad Mouse Rgb Keyboard-  Backlit Keyboard Gaming Keyboard Pc Laptop Mobile Smart Tv Android Tv Box Portable Wireless Mouse Keyboard Combo - Keyboard	753
I8-B Rechargeable Wireless Backlit Mini Keyboard With Touchpad Mouse Rgb Keyboard-  Backlit Keyboard Gaming Keyboard Pc Laptop Mobile Smart Tv Android Tv Box Portable Wireless Mouse Keyboard Combo - Keyboard	753
I8-B Rechargeable Wireless Backlit Mini Keyboard With Touchpad Mouse Rgb Keyboard-  Backlit Keyboard Gaming Keyboard Pc Laptop Mobile Smart Tv Android Tv Box Portable Wireless Mouse Keyboard Combo - Keyboard	753
I8-B Rechargeable Wireless Backlit Mini Keyboard With Touchpad Mouse Rgb Keyboard-  Backlit Keyboard Gaming Keyboard Pc Laptop Mobile Smart Tv Android Tv Box Portable Wireless Mouse Keyboard Combo - Keyboard	753
I8-B Rechargeable Wireless Backlit Mini Keyboard With Touchpad Mouse Rgb Keyboard-  Backlit Keyboard Gaming Keyboard Pc Laptop Mobile Smart Tv Android Tv Box Portable Wireless Mouse Keyboard Combo - Keyboard	753
I8-B Rechargeable Wireless Backlit Mini Keyboard With Touchpad Mouse Rgb Keyboard-  Backlit Keyboard Gaming Keyboard Pc Laptop Mobile Smart Tv Android Tv Box Portable Wireless Mouse Keyboard Combo - Keyboard	753
I8-B Rechargeable Wireless Backlit Mini Keyboard With Touchpad Mouse Rgb Keyboard-  Backlit Keyboard Gaming Keyboard Pc Laptop Mobile Smart Tv Android Tv Box Portable Wireless Mouse Keyboard Combo - Keyboard	753
I8-B Rechargeable Wireless Backlit Mini Keyboard With Touchpad Mouse Rgb Keyboard-  Backlit Keyboard Gaming Keyboard Pc Laptop Mobile Smart Tv Android Tv Box Portable Wireless Mouse Keyboard Combo - Keyboard	753
I8-B Rechargeable Wireless Backlit Mini Keyboard With Touchpad Mouse Rgb Keyboard-  Backlit Keyboard Gaming Keyboard Pc Laptop Mobile Smart Tv Android Tv Box Portable Wireless Mouse Keyboard Combo - Keyboard	753